时间,商品名称,库存变化,单笔销量
2026-10-06 15:14:00,台湾,初始库存：0,0
2026-10-06 15:19:59,台湾,0 -> -10,10
2026-10-06 15:28:08,台湾,-10 -> -12,2
2026-10-06 16:51:59,台湾,-12 -> -13,1
2026-10-06 17:39:00,台湾,-13 -> -15,2
2026-10-06 18:22:27,台湾,-15 -> -16,1
2026-10-07 16:56:41,台湾,-16 -> -32,16
2026-10-08 01:09:58,台湾,-32 -> -35,3
2026-10-08 01:10:09,台湾,-35 -> -32,-3
2026-10-08 01:10:54,台湾,-32 -> -35,3
2026-10-08 01:11:16,台湾,-35 -> -32,-3
2026-10-08 01:11:26,台湾,-32 -> -35,3
2026-10-08 11:33:22,台湾,-35 -> -36,1
2026-10-08 11:33:56,台湾,-36 -> -35,-1
2026-10-08 11:34:06,台湾,-35 -> -36,1
2026-10-08 11:34:17,台湾,-36 -> -35,-1
2026-10-08 11:34:28,台湾,-35 -> -36,1
2026-10-08 11:34:50,台湾,-36 -> -35,-1
2026-10-08 11:35:36,台湾,-35 -> -36,1
2026-10-08 11:36:08,台湾,-36 -> -35,-1
2026-10-08 11:36:20,台湾,-35 -> -36,1
2026-10-08 11:36:44,台湾,-36 -> -35,-1
2026-10-08 11:36:55,台湾,-35 -> -36,1
2026-10-08 11:37:29,台湾,-36 -> -35,-1
2026-10-08 11:37:40,台湾,-35 -> -36,1
2026-10-08 16:12:33,台湾,-36 -> -43,7
2026-10-08 18:15:42,台湾,-43 -> -44,1
2026-10-08 18:15:53,台湾,-44 -> -43,-1
2026-10-08 18:16:04,台湾,-43 -> -44,1
2026-10-08 18:16:15,台湾,-44 -> -43,-1
2026-10-08 18:16:26,台湾,-43 -> -44,1
2026-10-08 18:17:00,台湾,-44 -> -43,-1
2026-10-08 18:17:32,台湾,-43 -> -44,1
2026-10-08 18:18:29,台湾,-44 -> -43,-1
2026-10-08 18:18:52,台湾,-43 -> -44,1
2026-10-08 19:27:14,台湾,-44 -> -46,2
2026-10-08 20:18:13,台湾,-46 -> -49,3
2026-10-08 21:22:14,台湾,-49 -> -52,3
2026-10-08 21:22:36,台湾,-52 -> -49,-3
2026-10-08 21:23:08,台湾,-49 -> -52,3
2026-10-08 21:23:41,台湾,-52 -> -49,-3
2026-10-08 21:23:52,台湾,-49 -> -52,3
2026-10-08 21:24:03,台湾,-52 -> -49,-3
2026-10-08 21:24:15,台湾,-49 -> -52,3
2026-10-08 21:24:25,台湾,-52 -> -49,-3
2026-10-08 21:24:47,台湾,-49 -> -52,3
2026-10-08 22:35:53,台湾,-52 -> -54,2
2026-10-08 22:36:16,台湾,-54 -> -52,-2
2026-10-08 22:36:59,台湾,-52 -> -54,2
